wave,n,loser_pct,winner_pct,loser_effect,chi_sq,p_value
W2,6482,52.997711670480555,42.56457993949267,10.433131730987888,63.03680615830302,2.0287982530878888e-15
W3,5466,56.74641148325359,50.26658767772511,6.479823805528476,21.486616326663544,3.5630678165590226e-6
W4,7390,60.95196121639489,53.934778363600856,7.017182852794036,31.151209919268332,2.3869054053561875e-8
W6,6762,58.29463908822288,59.754154336444344,-1.4595152482214644,1.2980038753188463,0.25457816087656443
