"variable","label","wave_from","wave_to","estimate_from","estimate_to","difference","statistic","p_value","test_type","n_from","n_to"
"dem_country_future","Dem future",3,4,9.57692307692307,7.71739130434783,-1.85953177257525,-14.0488044159328,5.65371815092819e-40,"two-sample t-test",910,552
"gate_contact_influential","Gate influential",3,4,0.525919732441472,0.559166666666667,0.0332469342251954,2.53549378456449,0.111312059572032,"two-sample proportion test",1196,1200
"corrupt_witnessed","Corrupt witnessed",3,4,0.494137353433836,0.628366247755835,0.134228894321998,41.5764572180502,1.13350072537977e-10,"two-sample proportion test",1194,1114
"voted_last_election","Voted",3,4,0.786789297658863,0.831799163179916,0.0450098655210538,7.55708682681181,0.00597745393648969,"two-sample proportion test",1196,1195
"dem_country_future","Dem future",4,6,7.71739130434783,6.6703056768559,-1.04708562749193,-6.29064919754538,4.70550000294134e-10,"two-sample t-test",552,458
"gate_contact_influential","Gate influential",4,6,0.559166666666667,0.23306948109059,-0.326097185576077,257.215056638044,6.94351924085397e-58,"two-sample proportion test",1200,1137
"corrupt_witnessed","Corrupt witnessed",4,6,0.628366247755835,0.148936170212766,-0.479430077543069,554.595571423403,1.25972021899142e-122,"two-sample proportion test",1114,1175
"voted_last_election","Voted",4,6,0.831799163179916,0.881270903010033,0.049471739830117,11.5068709839173,0.000693394010586545,"two-sample proportion test",1195,1196
