country,govt_slope,mil_slope,difference,interpretation
Thailand,-0.11052486589225077,-0.16321258057704482,-0.05268771468479405,Military declining faster
Taiwan,0.00693605436604021,0.0072080780703399705,2.720237042997606e-4,Similar trajectories
Philippines,0.10358881155111727,0.15600450258244022,0.05241569103132296,Government declining faster
