model_id,dv,ref_wave,term,wave_label,estimate,std.error,conf.low,conf.high,statistic,p.value
M1,Govt withholds information,Wave 2 (2006),wave_fac3,3,0.15665499336051023,0.07999352268339291,-1.1365388628835335e-4,0.31347688816183417,1.9583459773428962,NA
M1,Govt withholds information,Wave 2 (2006),wave_fac4,4,0.44568932863631755,0.0802644657412833,0.28845269524248845,0.6031051865467584,5.552760172514065,NA
M1,Govt withholds information,Wave 2 (2006),wave_fac5,5,0.988460749308165,0.08083476281417767,0.8302370790060788,1.147118997496778,12.228164157299885,NA
M1,Govt withholds information,Wave 2 (2006),wave_fac6,6,1.0419949138203846,0.08294828891844658,0.8796334131295824,1.2048093277075342,12.561982018036046,NA
M2,Corrupt witnessed,Wave 1 (2003),wave_fac2,2,-0.2509978259308735,0.08464547264773663,-0.41693507924787054,-0.08507435733244849,-2.9652835299937927,0.0030240408236885444
M2,Corrupt witnessed,Wave 1 (2003),wave_fac3,3,1.1045911562826312,0.09539731888170676,0.9190438956619412,1.2931212902987343,11.578849062334035,5.274949294461193e-31
M2,Corrupt witnessed,Wave 1 (2003),wave_fac4,4,1.3084547950130347,0.09796210731154813,1.11813386569255,1.5022834615780634,13.356744060759802,1.0819404528155914e-40
M2,Corrupt witnessed,Wave 1 (2003),wave_fac5,5,3.5337385365973724,0.20713842022849877,3.148294489101131,3.9635417657975585,17.059792831765495,2.956016527091733e-65
M2,Corrupt witnessed,Wave 1 (2003),wave_fac6,6,3.8012878754873105,0.23447817214986802,3.368532625813981,4.292665745893728,16.211691862975186,4.169309911027204e-59
