set,coef,se,p,sig
Set1,0.035953332950420004,0.010969162045777065,0.0010481882987068245,**
Set2,0.05340012681200196,0.010762135314497538,7.031903072354761e-7,***
Set3,0.06798091684805939,0.011517660667962094,3.6341769131234593e-9,***
Set4,0.02234878184628475,0.01038887713152026,0.031468979841087236,*
