intercept_dev,slope_dev,country
0.44608817664857575,-0.11052486589225077,Thailand
-0.13897107280600068,0.00693605436604021,Taiwan
-0.307117103929976,0.10358881155111727,Philippines
