intercept_dev,slope_dev,country
0.5729003372684764,-0.16321258057704482,Thailand
-0.08586762562501662,0.0072080780703399705,Taiwan
-0.4870327118969387,0.15600450258244022,Philippines
